-- Adding User Data

INSERT INTO users VALUES ('u_AbcD', 'Varun Vora', 'varun@gmail.com', '1234'),
	('u_BcdE', 'Mukund Sood', 'mukund@gmail.com', '1234'),
	('u_CdeF', 'Vivek Kapoor', 'vivek@gmail.com', '1234'),
	('u_DefG', 'Yash Mathur', 'yash@gmail.com', '1234'),
	('u_EfgH', 'Vishal Naidu', 'vishal@gmail.com', '1234'),
	('u_FghI', 'Summet P', 'sumeet@gmail.com', '1234'),
	('u_GhiJ', 'Tvarita Jain', 'tvarita@gmail.com', '1234'),
	('u_HijK', 'Vibha S', 'vibha@gmail.com', '1234'),
	('u_IjkL', 'Srishti Mishra', 'srishti@gmail.com', '1234'),
	('u_JklM', 'Srinjoy Das', 'srinjoy@gmail.com', '1234'),
	('u_KlmN', 'Mukesh Karanth', 'mukesh@gmail.com', '1234'),
	('u_LmnO', 'Vinayak Awanti', 'vinayak@gmail.com', '1234'),
	('u_MnoP', 'Champak S', 'champak@gmail.com', '1234'),
	('u_NopQ', 'Swetha KSN', 'swetha@gmail.com', '1234');

-- Adding quizzes

INSERT INTO quiz VALUES('qz_math', 'mathematics', '0', '12'),
	('qz_galx', 'galaxies', '0', '11'),
	('qz_wc18', 'worldCup', '0', '10'),
	('qz_cric', 'cricket', '0', '9');

-- Adding questions to each quiz

INSERT INTO question VALUES('q_ma01', '5+6', '{"11","18","7","8"}', '11', 'qz_math', '1', '10', '2'),
	('q_ma02', '7+11', '{"11","18","7","8"}', '18', 'qz_math', '1', '10', '2'),
	('q_ma03', '3+4', '{"11","18","7","8"}', '7', 'qz_math', '1', '10', '2'),
	('q_ma04', '5+3', '{"11","18","7","8"}', '8', 'qz_math', '1', '10', '2'),
	('q_ma05', '7+9', '{"16","9","15","19"}', '16', 'qz_math', '1', '10', '2'),
	('q_ma06', '4+5', '{"16","9","15","19"}', '9', 'qz_math', '1', '10', '2'),
	('q_ma07', '7+2', '{"16","9","15","19"}', '9', 'qz_math', '1', '10', '2'),
	('q_ma08', '5x6', '{"30","36","7","24"}', '30', 'qz_math', '2', '10', '5'),
	('q_ma09', '9x4', '{"30","36","7","24"}', '36', 'qz_math', '2', '10', '5'),
	('q_ma10', '7x1', '{"30","36","7","24"}', '7', 'qz_math', '2', '10', '5'),
	('q_ma11', '6x4', '{"30","36","7","24"}', '24', 'qz_math', '2', '10', '5'),
	('q_ma12', '4x2', '{"8","24","63","98"}', '8', 'qz_math', '2', '10', '5'),
	('q_ma13', '8x3', '{"8","24","63","98"}', '24', 'qz_math', '2', '10', '5'),
	('q_ma14', '7x9', '{"8","24","63","98"}', '63', 'qz_math', '2', '10', '5'),
	('q_ma15', '21x13', '{"273","720","1044","525"}', '273', 'qz_math', '3', '10', '8'),
	('q_ma16', '45x16', '{"273","720","1044","525"}', '720', 'qz_math', '3', '10', '8'),
	('q_ma17', '87x12', '{"273","720","1044","525"}', '1044', 'qz_math', '3', '10', '8'),
	('q_ma18', '35x15', '{"273","720","1044","525"}', '525', 'qz_math', '3', '10', '8'),
	('q_ma19', '40x17', '{"680","845","921","632"}', '680', 'qz_math', '3', '10', '8'),
	('q_ma20', '65x13', '{"680","845","921","632"}', '845', 'qz_math', '3', '10', '8'),

	('q_gl01', 'Which glaxy do we live in?', '{"Milky Way","Andromeda","Sombrero","Black Eye"}', 'Milky Way', 'qz_galx', '1', '10', '2'),
	('q_gl02', 'Which glaxy do we live in?', '{"Milky Way","Andromeda","Sombrero","Black Eye"}', 'Milky Way', 'qz_galx', '1', '10', '2'),
	('q_gl03', 'Which glaxy do we live in?', '{"Milky Way","Andromeda","Sombrero","Black Eye"}', 'Milky Way', 'qz_galx', '1', '10', '2'),
	('q_gl04', 'Which glaxy do we live in?', '{"Milky Way","Andromeda","Sombrero","Black Eye"}', 'Milky Way', 'qz_galx', '1', '10', '2'),
	('q_gl05', 'Which glaxy do we live in?', '{"Milky Way","Andromeda","Sombrero","Black Eye"}', 'Milky Way', 'qz_galx', '1', '10', '2'),
	('q_gl06', 'Which glaxy do we live in?', '{"Milky Way","Andromeda","Sombrero","Black Eye"}', 'Milky Way', 'qz_galx', '1', '10', '2'),
	('q_gl07', 'Which glaxy do we live in?', '{"Milky Way","Andromeda","Sombrero","Black Eye"}', 'Milky Way', 'qz_galx', '1', '10', '2'),
	('q_gl08', 'Which is the closest galaxy to ours?', '{"Milky Way","Triangulum","Cartwheel","Andromeda"}', 'Andromeda', 'qz_galx', '2', '10', '5'),
	('q_gl09', 'Which is the closest galaxy to ours?', '{"Milky Way","Triangulum","Cartwheel","Andromeda"}', 'Andromeda', 'qz_galx', '2', '10', '5'),
	('q_gl10', 'Which is the closest galaxy to ours?', '{"Milky Way","Triangulum","Cartwheel","Andromeda"}', 'Andromeda', 'qz_galx', '2', '10', '5'),
	('q_gl11', 'Which is the closest galaxy to ours?', '{"Milky Way","Triangulum","Cartwheel","Andromeda"}', 'Andromeda', 'qz_galx', '2', '10', '5'),
	('q_gl12', 'Which is the closest galaxy to ours?', '{"Milky Way","Triangulum","Cartwheel","Andromeda"}', 'Andromeda', 'qz_galx', '2', '10', '5'),
	('q_gl13', 'Which is the closest galaxy to ours?', '{"Milky Way","Triangulum","Cartwheel","Andromeda"}', 'Andromeda', 'qz_galx', '2', '10', '5'),
	('q_gl14', 'Which is the closest galaxy to ours?', '{"Milky Way","Triangulum","Cartwheel","Andromeda"}', 'Andromeda', 'qz_galx', '2', '10', '5'),
	('q_gl15', 'How many galaxies exist within 1 billion light years of ours?', '{"6","11","12","2"}', '2', 'qz_galx', '3', '10', '8'),
	('q_gl16', 'How many galaxies exist within 1 billion light years of ours?', '{"6","11","12","2"}', '2', 'qz_galx', '3', '10', '8'),
	('q_gl17', 'How many galaxies exist within 1 billion light years of ours?', '{"6","11","12","2"}', '2', 'qz_galx', '3', '10', '8'),
	('q_gl18', 'How many galaxies exist within 1 billion light years of ours?', '{"6","11","12","2"}', '2', 'qz_galx', '3', '10', '8'),
	('q_gl19', 'How many galaxies exist within 1 billion light years of ours?', '{"6","11","12","2"}', '2', 'qz_galx', '3', '10', '8'),
	('q_gl20', 'How many galaxies exist within 1 billion light years of ours?', '{"6","11","12","2"}', '2', 'qz_galx', '3', '10', '8'),

	('q_wc01', 'Who won the Footbal World Cup 2018', '{"France","Germany","Argentina","Croatia"}', 'France', 'qz_wc18', '1', '10', '2'),
	('q_wc02', 'Who won the Footbal World Cup 2018', '{"France","Germany","Argentina","Croatia"}', 'France', 'qz_wc18', '1', '10', '2'),
	('q_wc03', 'Who won the Footbal World Cup 2018', '{"France","Germany","Argentina","Croatia"}', 'France', 'qz_wc18', '1', '10', '2'),
	('q_wc04', 'Who won the Footbal World Cup 2018', '{"France","Germany","Argentina","Croatia"}', 'France', 'qz_wc18', '1', '10', '2'),
	('q_wc05', 'Who won the Footbal World Cup 2018', '{"France","Germany","Argentina","Croatia"}', 'France', 'qz_wc18', '1', '10', '2'),
	('q_wc06', 'Who won the Footbal World Cup 2018', '{"France","Germany","Argentina","Croatia"}', 'France', 'qz_wc18', '1', '10', '2'),
	('q_wc07', 'Who won the Footbal World Cup 2018', '{"France","Germany","Argentina","Croatia"}', 'France', 'qz_wc18', '1', '10', '2'),
	('q_wc08', 'Which of the following was a Semi Finalist?', '{"Croatia","Germany","Zimbabwe","Ghana"}', 'Croatia', 'qz_wc18', '2', '10', '5'),
	('q_wc09', 'Which of the following was a Semi Finalist?', '{"Croatia","Germany","Zimbabwe","Ghana"}', 'Croatia', 'qz_wc18', '2', '10', '5'),
	('q_wc10', 'Which of the following was a Semi Finalist?', '{"Croatia","Germany","Zimbabwe","Ghana"}', 'Croatia', 'qz_wc18', '2', '10', '5'),
	('q_wc11', 'Which of the following was a Semi Finalist?', '{"Croatia","Germany","Zimbabwe","Ghana"}', 'Croatia', 'qz_wc18', '2', '10', '5'),
	('q_wc12', 'Which of the following was a Semi Finalist?', '{"Croatia","Germany","Zimbabwe","Ghana"}', 'Croatia', 'qz_wc18', '2', '10', '5'),
	('q_wc13', 'Which of the following was a Semi Finalist?', '{"Croatia","Germany","Zimbabwe","Ghana"}', 'Croatia', 'qz_wc18', '2', '10', '5'),
	('q_wc14', 'Which of the following was a Semi Finalist?', '{"Croatia","Germany","Zimbabwe","Ghana"}', 'Croatia', 'qz_wc18', '2', '10', '5'),
	('q_wc15', 'Which round of the world cup was Germany knocked out in?', '{"Group Stage","Round of 32","Semi Finals","Finals"}', 'Group Stage', 'qz_wc18', '3', '10', '8'),
	('q_wc16', 'Which round of the world cup was Germany knocked out in?', '{"Group Stage","Round of 32","Semi Finals","Finals"}', 'Group Stage', 'qz_wc18', '3', '10', '8'),
	('q_wc17', 'Which round of the world cup was Germany knocked out in?', '{"Group Stage","Round of 32","Semi Finals","Finals"}', 'Group Stage', 'qz_wc18', '3', '10', '8'),
	('q_wc18', 'Which round of the world cup was Germany knocked out in?', '{"Group Stage","Round of 32","Semi Finals","Finals"}', 'Group Stage', 'qz_wc18', '3', '10', '8'),
	('q_wc19', 'Which round of the world cup was Germany knocked out in?', '{"Group Stage","Round of 32","Semi Finals","Finals"}', 'Group Stage', 'qz_wc18', '3', '10', '8'),
	('q_wc20', 'Which round of the world cup was Germany knocked out in?', '{"Group Stage","Round of 32","Semi Finals","Finals"}', 'Group Stage', 'qz_wc18', '3', '10', '8'),
	
	('q_cr01', 'Who is the #1 ODI Bastman in the world?', '{"Virat Kohli","Steven Smith","Umesh Yadav","Rohit Sharma"}', 'Virat Kohli', 'qz_cric', '1', '10', '2'),
	('q_cr02', 'Who is the #1 ODI Bastman in the world?', '{"Virat Kohli","Steven Smith","Umesh Yadav","Rohit Sharma"}', 'Virat Kohli', 'qz_cric', '1', '10', '2'),
	('q_cr03', 'Who is the #1 ODI Bastman in the world?', '{"Virat Kohli","Steven Smith","Umesh Yadav","Rohit Sharma"}', 'Virat Kohli', 'qz_cric', '1', '10', '2'),
	('q_cr04', 'Who is the #1 ODI Bastman in the world?', '{"Virat Kohli","Steven Smith","Umesh Yadav","Rohit Sharma"}', 'Virat Kohli', 'qz_cric', '1', '10', '2'),
	('q_cr05', 'Who is the #1 ODI Bastman in the world?', '{"Virat Kohli","Steven Smith","Umesh Yadav","Rohit Sharma"}', 'Virat Kohli', 'qz_cric', '1', '10', '2'),
	('q_cr06', 'Who is the #1 ODI Bastman in the world?', '{"Virat Kohli","Steven Smith","Umesh Yadav","Rohit Sharma"}', 'Virat Kohli', 'qz_cric', '1', '10', '2'),
	('q_cr07', 'Who is the #1 ODI Bastman in the world?', '{"Virat Kohli","Steven Smith","Umesh Yadav","Rohit Sharma"}', 'Virat Kohli', 'qz_cric', '1', '10', '2'),
	('q_cr08', 'Who is the #1 ODI Bowler in the world?', '{"Kagiso Rabada","Rashid Khan","Ravindra Jadeja","Jasprit Bumrah"}', 'Jasprit Bumrah', 'qz_cric', '2', '10', '5'),
	('q_cr09', 'Who is the #1 ODI Bowler in the world?', '{"Kagiso Rabada","Rashid Khan","Ravindra Jadeja","Jasprit Bumrah"}', 'Jasprit Bumrah', 'qz_cric', '2', '10', '5'),
	('q_cr10', 'Who is the #1 ODI Bowler in the world?', '{"Kagiso Rabada","Rashid Khan","Ravindra Jadeja","Jasprit Bumrah"}', 'Jasprit Bumrah', 'qz_cric', '2', '10', '5'),
	('q_cr11', 'Who is the #1 ODI Bowler in the world?', '{"Kagiso Rabada","Rashid Khan","Ravindra Jadeja","Jasprit Bumrah"}', 'Jasprit Bumrah', 'qz_cric', '2', '10', '5'),
	('q_cr12', 'Who is the #1 ODI Bowler in the world?', '{"Kagiso Rabada","Rashid Khan","Ravindra Jadeja","Jasprit Bumrah"}', 'Jasprit Bumrah', 'qz_cric', '2', '10', '5'),
	('q_cr13', 'Who is the #1 ODI Bowler in the world?', '{"Kagiso Rabada","Rashid Khan","Ravindra Jadeja","Jasprit Bumrah"}', 'Jasprit Bumrah', 'qz_cric', '2', '10', '5'),
	('q_cr14', 'Who is the #1 ODI Bowler in the world?', '{"Kagiso Rabada","Rashid Khan","Ravindra Jadeja","Jasprit Bumrah"}', 'Jasprit Bumrah', 'qz_cric', '2', '10', '5'),
	('q_cr15', 'Who is the #1 ODI All-Rounder in the world?', '{"Mohammad Nabi","Rashid Khan","Shakib Al Hasan","Mohammad Hafeez"}', 'Rashid Khan', 'qz_cric', '3', '10', '8'),
	('q_cr16', 'Who is the #1 ODI All-Rounder in the world?', '{"Mohammad Nabi","Rashid Khan","Shakib Al Hasan","Mohammad Hafeez"}', 'Rashid Khan', 'qz_cric', '3', '10', '8'),
	('q_cr17', 'Who is the #1 ODI All-Rounder in the world?', '{"Mohammad Nabi","Rashid Khan","Shakib Al Hasan","Mohammad Hafeez"}', 'Rashid Khan', 'qz_cric', '3', '10', '8'),
	('q_cr18', 'Who is the #1 ODI All-Rounder in the world?', '{"Mohammad Nabi","Rashid Khan","Shakib Al Hasan","Mohammad Hafeez"}', 'Rashid Khan', 'qz_cric', '3', '10', '8'),
	('q_cr19', 'Who is the #1 ODI All-Rounder in the world?', '{"Mohammad Nabi","Rashid Khan","Shakib Al Hasan","Mohammad Hafeez"}', 'Rashid Khan', 'qz_cric', '3', '10', '8'),
	('q_cr20', 'Who is the #1 ODI All-Rounder in the world?', '{"Mohammad Nabi","Rashid Khan","Shakib Al Hasan","Mohammad Hafeez"}', 'Rashid Khan', 'qz_cric', '3', '10', '8');

	